location,area,bedrooms,bathrooms,parking,property_age,floors,price
Rushikonda,1753,3,3,2,24,2,9777000
Pendurthi,2082,3,3,1,13,2,6513000
Gajuwaka,3004,4,4,2,15,2,11694000
Yendada,2323,4,4,2,1,1,13726000
Seethammadhara,1672,3,2,1,14,2,10072000
Seethammadhara,1301,3,2,1,24,2,7415000
MVP Colony,957,2,1,1,6,1,6602000
Muralinagar,3107,4,4,3,0,2,16546000
Yendada,1858,3,3,1,21,2,9299000
Gajuwaka,1677,3,3,2,23,2,6422000
MVP Colony,1142,2,2,1,3,2,8306000
Pendurthi,1738,3,3,1,2,3,6884000
Muralinagar,998,2,1,0,14,1,4280000
Seethammadhara,926,2,2,1,1,1,6292000
Seethammadhara,1957,3,3,1,6,2,13429000
Seethammadhara,1137,2,2,0,7,2,7888000
Rushikonda,1372,3,3,1,8,2,8938000
Madhurawada,1727,3,2,1,5,2,7879000
Madhurawada,1680,3,3,1,1,4,8749000
Siripuram,2097,3,3,1,3,4,19774000
Yendada,1602,3,2,1,24,3,7474000
Seethammadhara,1128,2,2,0,4,2,7801000
Siripuram,1620,3,3,1,5,1,13850000
Rushikonda,1759,3,3,2,13,1,10421000
Madhurawada,1086,2,2,0,24,2,3929000
Gajuwaka,1045,2,2,0,21,2,3559000
Seethammadhara,4124,5,4,2,16,1,24307000
Madhurawada,2133,4,3,1,13,1,9324000
Yendada,915,2,1,1,13,4,5365000
MVP Colony,1159,2,2,1,0,2,9064000
Yendada,1680,3,3,2,5,1,9299000
Seethammadhara,524,1,1,0,12,2,3314000
MVP Colony,2091,4,3,2,17,1,13405000
Pendurthi,1136,2,1,1,9,1,3848000
Pendurthi,1989,3,2,2,8,2,6998000
Muralinagar,1249,2,1,1,6,1,6110000
Rushikonda,1229,2,2,1,5,2,7376000
MVP Colony,941,2,2,0,21,4,5976000
Yendada,911,2,2,0,14,2,4457000
Madhurawada,1312,3,2,1,20,1,5264000
Seethammadhara,659,1,1,0,2,1,4399000
Madhurawada,966,2,2,0,19,1,4032000
MVP Colony,1526,3,3,1,5,2,11262000
Sujathanagar,3153,4,4,1,9,4,12278000
Siripuram,1081,2,2,1,1,2,9068000
Yendada,2855,4,4,1,11,2,14696000
Rushikonda,1499,3,2,2,12,3,8272000
Madhurawada,1077,2,2,1,6,3,5315000
Madhurawada,1291,2,1,1,7,1,5816000
Seethammadhara,1283,2,1,1,3,3,9559000
Pendurthi,1677,3,3,2,9,3,6778000
Gajuwaka,1587,3,3,1,9,1,7049000
Sujathanagar,2182,4,3,2,13,2,8717000
Sujathanagar,1062,2,2,1,16,2,4131000
Yendada,881,2,2,1,11,3,5192000
Sujathanagar,1241,2,2,1,22,2,4278000
MVP Colony,935,2,2,1,12,1,6436000
Seethammadhara,1906,3,3,1,11,2,11961000
MVP Colony,2000,3,3,1,21,2,12590000
Rushikonda,1427,3,3,1,15,3,8516000
Rushikonda,1814,3,3,1,9,2,11433000
Siripuram,2030,3,2,1,12,2,15337000
Muralinagar,1533,3,3,1,16,1,6940000
Rushikonda,2054,3,3,1,18,4,11903000
Siripuram,1230,2,2,1,21,2,8419000
Madhurawada,1704,3,2,1,24,2,5989000
Seethammadhara,920,2,2,1,23,1,5409000
Muralinagar,523,1,1,1,17,2,2392000
MVP Colony,646,1,1,0,13,1,4282000
Pendurthi,4140,5,5,2,15,2,13997000
Gajuwaka,962,2,2,0,19,1,3534000
Seethammadhara,1417,3,3,1,3,2,10307000
MVP Colony,1248,2,2,1,10,2,8801000
Muralinagar,956,2,1,1,12,2,4485000
Gajuwaka,2562,4,4,1,13,1,9762000
Gajuwaka,1373,3,3,2,3,1,5768000
Gajuwaka,2930,4,4,2,5,1,12340000
MVP Colony,933,2,2,2,23,1,5738000
Rushikonda,1069,2,2,1,13,1,6405000
MVP Colony,1054,2,2,0,3,1,7260000
Muralinagar,749,1,1,0,20,2,2877000
Yendada,2671,4,4,3,14,3,13544000
Rushikonda,1003,2,2,1,24,2,5129000
MVP Colony,1220,2,2,1,24,1,7352000
Rushikonda,616,1,1,0,9,1,3576000
Rushikonda,3572,5,5,3,8,3,23714000
Gajuwaka,1909,3,2,1,0,2,8706000
Yendada,1179,2,2,1,6,2,6419000
Sujathanagar,667,1,1,0,9,4,2947000
Madhurawada,1126,2,1,1,13,3,5305000
MVP Colony,731,1,1,1,21,1,4754000
Gajuwaka,1365,3,2,1,7,1,5805000
Gajuwaka,1076,2,1,1,24,2,3860000
Madhurawada,1117,2,2,1,8,2,4993000
Gajuwaka,1866,3,3,1,13,2,7658000
Madhurawada,2074,3,3,1,17,1,8038000
Madhurawada,1519,3,2,1,4,2,6963000
Madhurawada,1665,3,2,2,11,2,7754000
MVP Colony,978,2,2,2,20,2,6530000
MVP Colony,1045,2,2,1,4,4,7879000
MVP Colony,1114,2,2,1,18,3,6944000
Yendada,980,2,2,1,15,2,5361000
Rushikonda,1489,3,3,1,1,1,10257000
Madhurawada,1475,3,3,2,11,2,6722000
Sujathanagar,3930,5,4,3,1,1,16369000
Siripuram,1050,2,2,2,22,1,7717000
Madhurawada,1815,3,3,1,14,1,7722000
Gajuwaka,2550,4,4,1,14,1,9965000
Siripuram,2218,4,4,1,23,2,15220000
MVP Colony,996,2,2,0,19,1,5725000
Siripuram,1119,2,2,1,15,2,8997000
Seethammadhara,4741,5,5,2,22,2,27316000
Sujathanagar,1697,3,2,1,3,1,6440000
Muralinagar,2038,3,2,2,8,1,9539000
Yendada,2513,4,4,2,8,4,14441000
Muralinagar,1731,3,2,1,13,3,8700000
Muralinagar,1624,3,2,1,11,1,7644000
Seethammadhara,3088,4,3,2,7,1,20777000
Sujathanagar,896,2,1,1,19,2,3542000
Madhurawada,1968,3,3,2,3,2,10012000
Muralinagar,1791,3,3,1,22,4,7528000
Sujathanagar,2572,4,4,1,7,1,9579000
Rushikonda,1290,2,2,1,7,2,7597000
MVP Colony,2000,3,2,1,7,1,12383000
Siripuram,939,2,2,1,9,1,7626000
Madhurawada,890,2,2,1,6,2,4425000
Muralinagar,691,1,1,1,18,2,3326000
Muralinagar,2956,4,4,2,15,1,12648000
MVP Colony,1549,3,3,2,13,1,11179000
Madhurawada,1010,2,2,1,18,2,4423000
Madhurawada,1412,3,2,1,14,2,6464000
Siripuram,1565,3,3,1,8,2,12414000
MVP Colony,3107,4,4,2,5,3,22814000
Rushikonda,1160,2,2,0,20,3,6769000
Pendurthi,1258,2,2,1,20,2,4360000
Rushikonda,1286,2,2,1,11,3,7608000
Madhurawada,1455,3,3,2,22,1,5415000
Gajuwaka,1911,3,3,1,1,1,8835000
Rushikonda,1045,2,1,1,14,1,5893000
Pendurthi,1726,3,3,2,10,1,6131000
Pendurthi,1624,3,3,2,23,4,5940000
Siripuram,1174,2,1,2,2,4,10621000
Madhurawada,1004,2,1,2,9,2,4617000
Rushikonda,1784,3,3,1,4,2,11108000
Siripuram,1123,2,2,2,12,2,9221000
MVP Colony,1664,3,3,2,18,2,10983000
Yendada,1408,3,2,1,13,2,7510000
Madhurawada,1684,3,3,1,2,1,7762000
MVP Colony,1734,3,3,2,17,2,12244000
Siripuram,1190,2,1,1,4,2,10624000
Sujathanagar,913,2,2,1,21,2,3359000
Siripuram,1319,3,3,1,5,1,11300000
Seethammadhara,1153,2,1,1,5,2,7441000
Madhurawada,1065,2,2,1,24,2,4047000
Pendurthi,2030,3,3,2,14,2,7341000
Siripuram,2146,4,3,1,4,2,18081000
Yendada,1586,3,3,2,21,2,8118000
Gajuwaka,975,2,2,1,8,1,4326000
Siripuram,906,2,2,2,17,2,7046000
Gajuwaka,564,1,1,0,4,2,2541000
Rushikonda,1081,2,2,1,8,3,6994000
Yendada,1114,2,2,1,3,2,6775000
Yendada,598,1,1,0,13,3,3226000
Madhurawada,1273,2,1,1,15,2,5457000
MVP Colony,862,2,2,1,1,1,6733000
Muralinagar,902,2,2,1,20,1,3824000
Rushikonda,1124,2,2,0,16,2,6188000
Seethammadhara,1865,3,2,2,13,2,12424000
MVP Colony,902,2,2,1,3,1,6482000
Yendada,1589,3,2,1,10,1,8585000
Yendada,1290,2,1,1,17,1,6140000
MVP Colony,1689,3,2,2,10,3,12032000
Madhurawada,986,2,2,1,3,3,5005000
Siripuram,905,2,2,0,22,2,6574000
Yendada,1066,2,2,0,22,1,4766000
Seethammadhara,860,2,2,1,8,1,5816000
Yendada,1951,3,3,1,21,4,8457000
Rushikonda,995,2,2,1,8,1,6072000
Sujathanagar,1509,3,3,1,1,1,6371000
Seethammadhara,3123,4,4,2,1,2,23934000
Rushikonda,2273,4,4,3,11,2,13360000
MVP Colony,2234,4,3,1,21,3,14085000
Sujathanagar,1352,3,3,1,5,1,5583000
Muralinagar,866,2,2,1,10,3,3978000
Siripuram,589,1,1,1,19,2,4351000
Yendada,1132,2,2,0,14,3,5692000
Muralinagar,983,2,2,1,24,3,3902000
Madhurawada,865,2,2,1,12,4,4328000
Madhurawada,1756,3,3,2,22,3,6563000
Siripuram,1044,2,2,2,1,2,9228000
MVP Colony,1770,3,3,1,7,4,13184000
Sujathanagar,732,1,1,0,11,2,2806000
Sujathanagar,3048,4,4,2,10,4,12816000
Yendada,1170,2,2,2,23,2,5751000
Rushikonda,1458,3,3,1,16,4,8078000
Rushikonda,660,1,1,1,1,1,4300000
Gajuwaka,1576,3,3,1,21,3,5741000
Sujathanagar,852,2,1,1,11,3,3648000
Sujathanagar,2020,3,3,2,10,2,7940000
Gajuwaka,1551,3,3,2,24,1,5758000
Yendada,1123,2,2,0,21,1,4938000
MVP Colony,1544,3,3,2,7,1,11695000
Seethammadhara,1201,2,2,1,10,2,8006000
Sujathanagar,1385,3,3,2,3,2,5983000
Yendada,2170,4,3,3,7,3,12214000
MVP Colony,1226,2,2,1,12,1,8291000
MVP Colony,1097,2,2,2,0,1,8297000
Yendada,966,2,1,0,6,2,5471000
MVP Colony,1123,2,2,1,20,2,6738000
Seethammadhara,1214,2,2,0,10,3,8181000
Madhurawada,1042,2,1,1,12,1,4702000
Yendada,1960,3,3,2,18,1,9450000
Yendada,1176,2,2,1,13,3,6264000
Siripuram,1070,2,2,1,15,3,7319000
Gajuwaka,1173,2,2,1,0,2,5572000
Siripuram,873,2,2,1,1,3,8208000
Rushikonda,1547,3,2,2,20,3,8434000
Gajuwaka,3390,5,4,2,19,1,12533000
Yendada,546,1,1,0,11,1,2837000
Muralinagar,1642,3,3,2,4,2,8763000
Yendada,1505,3,2,1,14,3,8332000
Madhurawada,1870,3,3,2,1,3,8781000
MVP Colony,1950,3,3,1,16,2,13122000
Rushikonda,1401,3,3,2,18,2,7729000
Siripuram,3111,4,3,1,6,2,25885000
Siripuram,1937,3,3,1,8,1,16047000
Pendurthi,1111,2,2,0,16,2,3651000
Rushikonda,2064,4,3,2,3,3,14427000
Sujathanagar,1668,3,2,2,7,3,7478000
Yendada,1065,2,2,1,24,2,5096000
Gajuwaka,1492,3,3,1,7,1,6392000
Madhurawada,1228,2,2,1,3,2,6240000
Madhurawada,871,2,2,1,6,1,4062000
Madhurawada,1177,2,1,1,20,1,4567000
Seethammadhara,1250,2,2,1,13,2,7758000
Gajuwaka,868,2,2,0,14,2,3272000
Siripuram,4107,5,5,3,13,3,32839000
MVP Colony,3337,5,5,3,7,1,24930000
Yendada,1316,3,2,1,8,2,7041000
Seethammadhara,1053,2,1,1,1,2,8034000
Pendurthi,973,2,2,1,10,2,3583000
Pendurthi,1702,3,3,1,20,1,5134000
Sujathanagar,2072,4,4,2,8,2,9403000
Rushikonda,1284,2,2,1,21,2,6632000
MVP Colony,1133,2,2,1,6,1,8252000
Sujathanagar,1086,2,2,1,5,4,5005000
Madhurawada,1219,2,2,1,19,2,4977000
Pendurthi,942,2,2,1,18,2,3330000
Pendurthi,1676,3,3,2,12,1,5962000
Muralinagar,1346,3,2,1,13,1,5975000
Siripuram,1145,2,2,1,0,2,10450000
Rushikonda,1742,3,2,2,2,2,11598000
Muralinagar,1902,3,3,1,9,2,9221000
Rushikonda,1293,2,2,1,8,1,7600000
Seethammadhara,2069,3,3,1,5,2,15198000
Madhurawada,2091,4,4,2,10,2,9217000
Sujathanagar,1063,2,2,0,21,1,3449000
Yendada,2053,3,3,2,20,1,9510000
Madhurawada,701,1,1,1,17,3,3261000
MVP Colony,918,2,1,2,23,2,6005000
Yendada,910,2,2,1,24,3,4607000
Pendurthi,1921,3,3,1,6,1,6670000
Seethammadhara,1166,2,2,1,2,1,8621000
Madhurawada,2075,4,4,2,24,1,8029000
Muralinagar,1088,2,2,0,13,2,4338000
Gajuwaka,1896,3,3,2,17,1,7249000
Yendada,1713,3,2,1,9,3,9446000
Gajuwaka,1973,3,3,1,13,1,7477000
Rushikonda,976,2,1,1,23,2,4709000
Siripuram,868,2,2,1,9,1,7523000
Muralinagar,1798,3,3,1,15,4,8342000
Muralinagar,2294,4,3,2,6,1,11975000
Muralinagar,1750,3,2,1,20,3,7794000
Sujathanagar,1686,3,3,1,15,1,6338000
Madhurawada,1931,3,3,1,21,3,7091000
Madhurawada,2017,3,3,2,8,3,9373000
Gajuwaka,1030,2,2,1,17,3,4235000
Yendada,1591,3,3,1,16,1,8207000
Gajuwaka,894,2,2,1,9,1,3694000
Gajuwaka,908,2,2,1,19,1,3303000
Sujathanagar,945,2,1,1,16,2,3494000
Rushikonda,897,2,1,1,4,2,5833000
Rushikonda,1163,2,2,0,18,2,6112000
MVP Colony,1069,2,2,0,15,3,7223000
Madhurawada,1875,3,3,2,20,2,7645000
MVP Colony,1353,3,3,1,24,1,7631000
Madhurawada,943,2,2,1,10,1,4236000
Madhurawada,1195,2,2,2,16,1,5035000
Siripuram,1538,3,3,2,0,2,13911000
Yendada,1260,2,2,1,6,3,7620000
MVP Colony,1779,3,3,1,19,3,11033000
MVP Colony,1014,2,2,0,20,3,6496000
Muralinagar,1419,3,3,2,24,3,6121000
Rushikonda,2103,4,4,1,7,1,13163000
Seethammadhara,2067,3,3,2,11,1,13734000
Madhurawada,1664,3,3,1,15,2,7230000
Gajuwaka,1036,2,2,1,15,1,4123000
Seethammadhara,1032,2,2,1,2,4,7936000
Yendada,974,2,2,1,18,2,4788000
MVP Colony,1060,2,2,1,1,1,8416000
MVP Colony,1614,3,3,1,17,2,10671000
Madhurawada,2014,3,3,2,22,3,8439000
Madhurawada,924,2,1,1,8,2,4532000
Yendada,1492,3,2,2,21,2,7408000
Gajuwaka,1279,2,1,0,15,1,4613000
Pendurthi,869,2,2,1,23,4,2975000
Madhurawada,2804,4,4,2,21,2,10306000
Rushikonda,507,1,1,0,16,2,2971000
Gajuwaka,3167,4,4,2,15,3,12477000
Siripuram,1387,3,3,1,18,1,10377000
Madhurawada,2630,4,4,3,20,1,10396000
MVP Colony,3944,5,5,3,18,2,24782000
MVP Colony,1370,3,2,1,19,1,8902000
Pendurthi,3583,5,4,2,7,1,11282000
Muralinagar,1392,3,2,1,6,2,6471000
Yendada,4109,5,5,3,5,3,22174000
Madhurawada,1127,2,2,1,13,3,5171000
Seethammadhara,1537,3,3,1,22,1,8402000
Seethammadhara,1162,2,2,1,1,2,8557000
Siripuram,1698,3,2,1,22,3,12959000
Madhurawada,3392,5,5,2,20,2,13439000
Gajuwaka,1510,3,3,1,15,2,6479000
Yendada,1045,2,2,1,7,1,6169000
Siripuram,1906,3,3,2,7,2,17086000
Pendurthi,1785,3,2,2,20,1,5494000
Gajuwaka,1705,3,3,1,22,2,6145000
Madhurawada,1055,2,2,2,11,2,5079000
Yendada,1194,2,1,1,20,3,5995000
Madhurawada,1255,2,2,1,9,3,6178000
Siripuram,1234,2,2,0,7,3,10561000
Rushikonda,673,1,1,1,14,3,3806000
Gajuwaka,1571,3,3,2,16,2,5890000
MVP Colony,2497,4,3,3,12,2,16248000
MVP Colony,1479,3,3,1,22,2,9315000
MVP Colony,1162,2,2,1,0,3,8814000
MVP Colony,989,2,2,0,24,1,5834000
Muralinagar,2106,4,4,2,10,2,9676000
Gajuwaka,2024,3,3,2,5,2,9215000
Madhurawada,1041,2,2,0,16,1,4081000
MVP Colony,3086,4,3,2,16,2,19756000
Madhurawada,877,2,2,2,18,2,4085000
Madhurawada,1118,2,1,1,8,1,4853000
Seethammadhara,932,2,2,1,7,1,6290000
Madhurawada,3471,5,4,3,11,1,15212000
Rushikonda,1033,2,2,0,13,2,5983000
Yendada,1060,2,2,1,15,3,5839000
Yendada,954,2,2,1,1,3,6224000
MVP Colony,1025,2,2,1,24,2,6041000
Rushikonda,2148,4,4,3,21,1,11219000
Yendada,1549,3,2,2,24,1,7154000
Madhurawada,1238,2,2,0,11,2,5405000
Muralinagar,2025,3,3,2,7,2,10049000
Yendada,1049,2,2,1,4,1,5869000
Seethammadhara,1207,2,1,0,15,3,7221000
MVP Colony,1329,3,3,1,6,1,8852000
Yendada,2731,4,4,1,20,1,13116000
MVP Colony,880,2,1,1,22,1,5288000
Yendada,1031,2,2,1,21,2,5085000
Pendurthi,857,2,1,0,21,1,2426000
Madhurawada,2073,3,3,1,7,3,9212000
Rushikonda,2094,3,3,1,23,4,11262000
Yendada,504,1,1,0,5,1,2855000
Madhurawada,1445,3,3,2,13,1,6149000
Madhurawada,1790,3,2,2,2,2,8624000
Pendurthi,1421,3,3,2,16,3,5186000
Rushikonda,1427,3,3,1,14,1,8334000
Pendurthi,2019,3,3,1,12,1,7240000
Sujathanagar,985,2,2,1,8,1,4025000
Seethammadhara,1882,3,3,2,9,1,12191000
MVP Colony,1219,2,2,1,1,3,9322000
MVP Colony,1199,2,2,1,13,1,7950000
MVP Colony,1120,2,2,1,4,3,9013000
MVP Colony,1225,2,1,1,10,2,8059000
Yendada,1238,2,2,1,2,4,7942000
MVP Colony,1217,2,2,1,9,1,8946000
Rushikonda,1412,3,3,1,9,2,9032000
Muralinagar,896,2,2,2,24,1,3811000
MVP Colony,2017,3,3,2,22,3,11923000
Muralinagar,598,1,1,1,1,1,3171000
Siripuram,2902,4,3,1,1,3,24771000
MVP Colony,903,2,1,1,18,2,5826000
Yendada,607,1,1,0,14,1,2870000
Yendada,1632,3,3,1,14,1,8193000
Muralinagar,1311,3,3,1,16,1,5987000
Gajuwaka,1389,3,2,1,14,3,5070000
Muralinagar,1077,2,2,1,12,2,5025000
Siripuram,1326,3,3,1,24,1,8795000
Seethammadhara,1329,3,3,2,12,1,8110000
Gajuwaka,3533,5,4,2,8,1,13714000
Muralinagar,1740,3,2,1,17,2,7389000
Pendurthi,975,2,2,0,3,1,3560000
Madhurawada,2287,4,4,2,1,2,12051000
Rushikonda,1443,3,3,1,10,1,8778000
Gajuwaka,1058,2,2,2,0,2,5753000
Rushikonda,2010,3,2,2,11,1,11542000
Sujathanagar,2011,4,3,3,21,2,7391000
Muralinagar,1615,3,2,1,24,1,6542000
Madhurawada,1210,2,2,1,21,1,4706000
Gajuwaka,1767,3,3,1,15,1,7057000
Gajuwaka,925,2,1,1,24,1,3237000
MVP Colony,559,1,1,1,18,2,3652000
Sujathanagar,1377,3,3,2,4,2,5981000
Madhurawada,1579,3,3,1,4,2,7684000
Muralinagar,885,2,2,1,15,4,4419000
Rushikonda,1395,3,3,2,17,2,8378000
Sujathanagar,998,2,2,1,13,2,3881000
Rushikonda,936,2,2,1,14,1,5231000
MVP Colony,953,2,2,1,10,1,6656000
Sujathanagar,2084,3,3,1,22,3,7403000
MVP Colony,1906,3,3,1,24,2,11701000
Rushikonda,1907,3,2,2,23,2,9974000
Pendurthi,1286,2,2,1,19,2,4351000
Pendurthi,1284,2,2,1,4,2,5077000
Madhurawada,2071,3,3,2,12,3,9689000
Yendada,1740,3,2,1,20,3,8196000
Madhurawada,2051,3,2,1,12,2,8471000
Siripuram,1060,2,2,2,14,2,8799000
Rushikonda,1909,3,3,2,13,2,10691000
Yendada,1519,3,3,2,19,2,8119000
Gajuwaka,1258,2,2,1,11,2,4974000
Gajuwaka,2045,4,4,3,12,3,8604000
Gajuwaka,1374,3,3,2,10,2,6388000
MVP Colony,1728,3,2,1,14,1,11134000
Madhurawada,513,1,1,0,16,1,2082000
MVP Colony,942,2,2,1,24,2,6113000
Madhurawada,1093,2,2,1,24,4,4365000
Madhurawada,2021,3,2,1,24,2,7018000
Sujathanagar,850,2,1,1,3,2,3949000
Rushikonda,1067,2,1,0,17,3,5472000
MVP Colony,2055,3,2,1,13,1,13884000
Seethammadhara,1262,2,1,0,3,2,7846000
Gajuwaka,981,2,1,1,1,2,4556000
Yendada,1829,3,3,1,0,1,11200000
MVP Colony,1318,3,3,1,4,1,9013000
MVP Colony,2861,4,3,3,20,1,17958000
Gajuwaka,1107,2,2,1,21,1,3831000
MVP Colony,1059,2,2,1,0,3,8266000
Muralinagar,1045,2,2,1,21,1,4130000
Gajuwaka,3048,4,4,1,15,3,11771000
MVP Colony,676,1,1,0,12,3,4443000
MVP Colony,1496,3,3,1,9,2,11117000
Pendurthi,630,1,1,0,14,2,1964000
Rushikonda,1143,2,2,1,7,1,6954000
Rushikonda,694,1,1,0,22,2,3395000
Muralinagar,3008,5,5,3,24,3,12872000
Pendurthi,2112,4,4,1,10,2,7602000
Pendurthi,1218,2,1,0,16,3,4082000
Gajuwaka,1128,2,2,1,10,1,4855000
Rushikonda,2657,4,4,1,18,1,14046000
MVP Colony,2031,3,3,1,1,1,15846000
Gajuwaka,2605,4,4,1,19,1,9814000
Madhurawada,1669,3,3,2,12,1,7666000
Madhurawada,1052,2,2,1,13,4,4968000
Sujathanagar,2025,3,2,2,17,3,8232000
MVP Colony,1293,2,2,1,19,3,8376000
Madhurawada,1017,2,2,1,22,2,4051000
MVP Colony,527,1,1,1,12,1,3805000
Madhurawada,1651,3,3,1,22,1,6055000
MVP Colony,1914,3,3,1,17,1,11828000
MVP Colony,1281,2,2,1,8,2,9329000
MVP Colony,870,2,2,1,12,2,6221000
Yendada,527,1,1,0,24,1,2249000
Gajuwaka,1180,2,2,1,12,1,4623000
Yendada,691,1,1,0,23,2,3171000
Pendurthi,2152,4,3,3,10,2,8242000
Rushikonda,1324,3,3,2,0,1,8420000
Siripuram,1185,2,1,1,1,2,11075000
Muralinagar,604,1,1,0,6,2,3109000
Siripuram,2055,3,3,1,8,2,17504000
Pendurthi,1003,2,2,0,2,2,3696000
MVP Colony,1560,3,3,2,1,3,12027000
Pendurthi,1490,3,2,2,20,1,4724000
MVP Colony,3187,4,4,2,9,3,22223000
Sujathanagar,1871,3,2,2,6,1,7489000
Madhurawada,1028,2,2,0,17,1,4008000
Pendurthi,1674,3,3,1,17,1,5482000
MVP Colony,1174,2,1,1,18,2,7588000
Madhurawada,884,2,2,0,5,2,4173000
Pendurthi,548,1,1,0,14,1,1652000
Madhurawada,1472,3,3,2,1,1,8029000
Yendada,2913,4,4,2,24,1,12632000
Yendada,1231,2,2,1,5,1,7015000
Madhurawada,1025,2,2,1,7,3,5196000
Yendada,1920,3,3,2,23,2,8847000
Yendada,1686,3,2,1,0,2,9685000
Sujathanagar,1180,2,2,1,3,2,5343000
MVP Colony,1058,2,2,1,2,2,8411000
Siripuram,1122,2,2,0,17,2,8684000
Pendurthi,3102,4,4,2,3,1,11840000
Sujathanagar,2983,4,4,2,19,2,11378000
Madhurawada,4469,5,4,2,1,1,20357000
Yendada,1258,2,1,2,21,2,6153000
Siripuram,938,2,2,1,20,2,7109000
Seethammadhara,1185,2,2,1,20,2,7307000
Madhurawada,1892,3,3,1,19,1,7797000
Rushikonda,1275,2,1,0,3,2,7255000
Yendada,1011,2,1,0,13,3,5035000
MVP Colony,1431,3,3,1,10,2,10292000
Pendurthi,1405,3,2,1,5,1,5204000
Pendurthi,962,2,2,1,12,2,3380000
Yendada,1488,3,3,2,22,2,7312000
Madhurawada,570,1,1,0,9,2,2472000
Rushikonda,1042,2,2,1,17,1,5560000
Muralinagar,575,1,1,1,23,3,2812000
Yendada,1260,2,1,1,16,1,5817000
Seethammadhara,1034,2,2,1,21,4,6481000
Sujathanagar,1798,3,3,1,15,2,7048000
Muralinagar,2568,4,3,3,0,3,13928000
Pendurthi,1620,3,3,1,20,1,4891000
Gajuwaka,914,2,2,1,16,3,3477000
Yendada,2692,4,3,1,13,4,13794000
Madhurawada,1301,3,2,1,4,3,6749000
Sujathanagar,1639,3,3,1,5,3,6897000
Muralinagar,2460,4,4,3,0,1,12632000
MVP Colony,1041,2,1,1,1,3,8455000
MVP Colony,928,2,2,1,0,4,7420000
Rushikonda,2514,4,4,2,10,1,14219000
Muralinagar,1402,3,3,2,3,2,7113000
Pendurthi,946,2,1,1,9,2,3457000
Seethammadhara,1873,3,3,1,13,2,12165000
Yendada,976,2,1,1,14,1,4768000
Rushikonda,2014,3,2,1,10,1,11631000
Pendurthi,1193,2,1,1,16,1,3740000
Muralinagar,986,2,2,0,17,4,4765000
Muralinagar,1052,2,1,1,23,1,4265000
Madhurawada,894,2,2,1,16,1,3852000
Madhurawada,647,1,1,0,14,3,2684000
Siripuram,1837,3,3,1,16,2,13830000
MVP Colony,1749,3,3,1,11,3,11850000
Muralinagar,904,2,2,2,3,4,5579000
Muralinagar,1601,3,3,1,21,2,6742000
Pendurthi,1741,3,3,1,5,2,6312000
Pendurthi,1082,2,1,0,13,1,3328000
Madhurawada,1285,2,2,1,1,2,6693000
Gajuwaka,989,2,2,1,13,1,3829000
Pendurthi,1273,2,1,2,14,1,4306000
Muralinagar,1153,2,2,0,13,2,5335000
Siripuram,3783,5,4,3,13,1,30267000
Madhurawada,2277,4,3,3,21,2,9038000
Seethammadhara,2073,3,2,2,4,3,13144000
Pendurthi,1822,3,2,2,4,2,7523000
Yendada,866,2,2,1,24,2,4260000
Siripuram,1771,3,3,1,22,2,12635000
Yendada,1018,2,2,0,2,1,5789000
Yendada,2079,3,2,1,1,2,12042000
Rushikonda,1941,3,2,2,5,1,12127000
MVP Colony,1746,3,2,1,1,2,13129000
Yendada,1061,2,2,1,9,2,5380000
Madhurawada,1737,3,3,2,11,1,7073000
Gajuwaka,1545,3,3,1,9,3,6752000
Madhurawada,644,1,1,1,5,2,3482000
Muralinagar,1138,2,2,0,24,2,4586000
Madhurawada,1597,3,2,1,19,2,6407000
Madhurawada,1356,3,2,2,6,2,6628000
Muralinagar,1829,3,2,1,19,2,8255000
Madhurawada,937,2,2,1,20,1,4038000
Seethammadhara,1438,3,3,1,0,2,10004000
MVP Colony,2040,3,2,1,21,1,12698000
Gajuwaka,883,2,1,1,24,2,3107000
Yendada,1997,3,3,1,10,2,10310000
Gajuwaka,1784,3,3,1,4,2,7738000
Seethammadhara,687,1,1,1,14,3,4790000
Seethammadhara,1629,3,3,1,13,1,10526000
MVP Colony,1089,2,1,1,3,1,8227000
Rushikonda,1720,3,3,1,12,1,9834000
Yendada,1367,3,3,2,9,1,7480000
Rushikonda,1206,2,2,0,8,2,7158000
Madhurawada,1496,3,3,1,6,4,7566000
Sujathanagar,1889,3,2,1,20,1,6764000
Rushikonda,2376,4,3,2,18,1,13364000
Madhurawada,853,2,2,0,3,4,4589000
Gajuwaka,910,2,2,1,24,1,3222000
Rushikonda,2071,3,3,1,17,2,11332000
Yendada,1067,2,1,2,23,2,4800000
Muralinagar,3113,4,4,2,21,1,13142000
Pendurthi,898,2,2,1,14,2,3018000
Seethammadhara,4074,5,5,3,16,2,26255000
Sujathanagar,2959,4,3,2,2,2,12711000
Madhurawada,1091,2,2,0,22,1,4135000
Siripuram,1095,2,2,0,15,2,8437000
Madhurawada,886,2,2,1,17,1,3961000
Pendurthi,4323,5,4,2,3,2,15804000
Madhurawada,1354,3,3,1,12,1,5489000
Rushikonda,977,2,1,0,16,1,5117000
Yendada,1062,2,1,0,24,1,4703000
Siripuram,996,2,2,0,13,2,7699000
MVP Colony,1854,3,3,1,9,2,12916000
Seethammadhara,1391,3,3,2,22,1,8209000
Seethammadhara,1324,3,3,1,17,1,8262000
Seethammadhara,1526,3,2,1,12,2,10386000
Seethammadhara,1285,2,1,1,23,4,7507000
Yendada,1898,3,3,1,18,4,9776000
Seethammadhara,1040,2,2,2,8,1,7041000
Rushikonda,1828,3,2,2,21,2,9194000
Sujathanagar,1847,3,2,1,24,3,7004000
Madhurawada,1156,2,1,1,9,4,5498000
Yendada,1828,3,3,2,22,2,8501000
Seethammadhara,1999,3,3,1,18,1,10900000
Seethammadhara,2024,3,2,1,14,1,12118000
MVP Colony,1326,3,3,2,16,2,8792000
Seethammadhara,2821,4,4,2,3,1,17738000
Siripuram,2493,4,3,2,17,1,17905000
Seethammadhara,853,2,2,1,11,1,5439000
MVP Colony,1230,2,1,0,23,1,6809000
Seethammadhara,1650,3,3,1,17,1,9952000
Madhurawada,1762,3,3,2,3,2,9159000
Seethammadhara,742,1,1,1,22,2,4391000
Rushikonda,4202,5,4,3,13,3,24060000
Madhurawada,1265,2,1,0,9,1,5225000
Yendada,1118,2,2,0,6,2,5913000
MVP Colony,1060,2,2,1,12,2,7384000
Gajuwaka,2258,4,4,2,15,1,8923000
Yendada,957,2,2,0,13,3,5354000
MVP Colony,1204,2,2,2,12,2,8093000
Muralinagar,1020,2,2,1,10,3,5024000
Sujathanagar,1383,3,3,1,24,2,4515000
MVP Colony,1419,3,3,1,21,2,8758000
Siripuram,860,2,2,0,9,2,6499000
Muralinagar,2011,3,2,1,12,1,8947000
Gajuwaka,1283,2,2,1,6,3,5477000
Seethammadhara,3114,4,4,2,21,2,17633000
Seethammadhara,1348,3,3,1,14,1,8416000
Rushikonda,1673,3,2,1,9,1,9761000
Madhurawada,1909,3,3,1,8,1,8360000
Yendada,3115,4,4,3,23,2,15191000
Rushikonda,856,2,1,1,5,2,5148000
Madhurawada,1864,3,3,2,18,2,8062000
Gajuwaka,1109,2,2,1,19,2,4083000
MVP Colony,4226,5,5,3,5,4,32385000
Siripuram,1008,2,2,1,10,2,8736000
Gajuwaka,550,1,1,0,11,2,2268000
Sujathanagar,1079,2,2,1,11,2,4427000
Madhurawada,2837,4,4,3,4,2,14160000
Madhurawada,1535,3,2,1,14,2,6848000
MVP Colony,664,1,1,0,14,3,4173000
Madhurawada,681,1,1,1,5,3,3196000
Madhurawada,2775,4,4,2,5,1,12639000
Siripuram,1114,2,1,1,21,1,8254000
Siripuram,1223,2,2,2,8,3,11092000
Rushikonda,922,2,2,2,12,1,5717000
MVP Colony,1519,3,3,2,9,1,10358000
Rushikonda,874,2,2,1,22,2,4721000
Seethammadhara,1031,2,2,1,5,3,7454000
Rushikonda,1961,3,3,2,15,1,10910000
MVP Colony,628,1,1,0,12,2,4281000
Sujathanagar,1297,2,2,2,0,1,5618000
Yendada,2539,4,3,1,16,1,12458000
Yendada,1042,2,2,1,10,3,6096000
Gajuwaka,924,2,2,1,9,1,3882000
Madhurawada,898,2,2,0,14,1,3819000
MVP Colony,1943,3,3,2,12,1,12829000
Madhurawada,1288,2,1,1,0,1,5820000
Yendada,1065,2,2,0,20,2,5018000
Gajuwaka,1018,2,2,1,3,2,4650000
Madhurawada,1338,3,2,1,16,3,6060000
Seethammadhara,3100,5,4,2,13,4,20052000
Siripuram,3870,5,4,3,1,1,33870000
Rushikonda,989,2,2,1,11,1,5879000
Yendada,1405,3,3,2,4,3,8208000
Madhurawada,508,1,1,0,17,2,2160000
Rushikonda,969,2,2,1,3,2,6452000
Pendurthi,1119,2,2,1,9,1,3891000
Yendada,709,1,1,1,19,3,3866000
Siripuram,2519,4,4,2,21,4,17591000
MVP Colony,1083,2,1,1,17,1,6694000
Seethammadhara,1259,2,2,1,3,2,9278000
Siripuram,1149,2,1,0,1,1,9959000
Seethammadhara,1921,3,3,1,9,2,12689000
Seethammadhara,1011,2,2,0,5,2,7116000
Siripuram,1037,2,2,1,16,2,8132000
Seethammadhara,1203,2,2,0,7,1,7361000
Sujathanagar,1104,2,1,1,1,1,4784000
MVP Colony,2280,4,4,2,7,2,16457000
Madhurawada,932,2,2,0,6,2,4340000
Madhurawada,1078,2,2,1,22,2,4247000
Pendurthi,1222,2,2,1,21,2,3748000
MVP Colony,606,1,1,0,10,2,4146000
Rushikonda,1090,2,2,2,13,3,7352000
Pendurthi,645,1,1,0,7,2,2347000
Muralinagar,875,2,2,1,21,3,3915000
Muralinagar,953,2,1,1,8,1,4432000
Siripuram,1258,2,2,1,1,1,10915000
Seethammadhara,969,2,2,1,16,2,5678000
Yendada,2834,4,3,2,4,4,15842000
Sujathanagar,528,1,1,1,12,2,2261000
Madhurawada,1255,2,2,1,13,3,5553000
Madhurawada,1954,3,3,1,10,2,8718000
Siripuram,1001,2,1,1,18,2,7308000
Gajuwaka,3505,5,5,3,0,1,16454000
Seethammadhara,1448,3,3,1,9,1,9599000
Rushikonda,1855,3,3,2,7,1,11747000
Madhurawada,1151,2,2,1,8,4,5527000
Madhurawada,1196,2,1,1,0,1,5684000
Siripuram,1822,3,2,1,8,1,14687000
MVP Colony,600,1,1,1,4,4,4982000
Yendada,1959,3,3,1,5,1,10987000
Siripuram,1812,3,2,2,11,2,14734000
Yendada,2089,3,2,1,21,3,9642000
Seethammadhara,4438,5,4,3,0,1,33790000
Madhurawada,1181,2,2,0,24,1,4606000
Madhurawada,1065,2,1,1,7,2,4943000
MVP Colony,864,2,1,1,21,1,5077000
Rushikonda,1604,3,3,1,4,1,9583000
Seethammadhara,1962,3,3,1,0,3,14048000
MVP Colony,2056,4,3,2,19,2,12725000
Pendurthi,1745,3,3,2,17,2,6216000
Rushikonda,2016,4,4,3,23,2,10614000
Muralinagar,1190,2,1,1,16,1,5040000
Siripuram,865,2,2,1,16,2,6439000
Yendada,983,2,2,1,1,1,5512000
Gajuwaka,1558,3,3,1,22,2,5938000
Yendada,525,1,1,1,21,1,2463000
Madhurawada,1842,3,3,2,9,1,7772000
Madhurawada,873,2,2,2,24,1,3582000
Rushikonda,609,1,1,0,8,2,3615000
Sujathanagar,1204,2,2,1,16,3,4775000
Muralinagar,1898,3,2,1,10,2,8878000
Pendurthi,629,1,1,1,19,2,2321000
Seethammadhara,2058,4,4,2,23,4,11943000
Gajuwaka,1861,3,2,1,8,4,8208000
Sujathanagar,1759,3,2,2,23,1,5907000
Seethammadhara,1999,3,3,1,22,2,11629000
MVP Colony,1183,2,2,1,2,1,8541000
Gajuwaka,1525,3,3,1,11,1,6250000
Madhurawada,1107,2,2,1,6,1,4780000
Muralinagar,569,1,1,0,5,1,2546000
Seethammadhara,1225,2,2,1,14,1,7313000
Gajuwaka,2843,4,3,1,6,2,12106000
Seethammadhara,2745,4,3,3,17,1,17087000
Seethammadhara,2308,4,4,2,4,1,16626000
Seethammadhara,1177,2,2,1,24,3,6526000
Muralinagar,1775,3,2,1,5,4,8381000
Yendada,1411,3,3,1,4,2,7990000
Madhurawada,1539,3,3,1,22,3,5954000
Rushikonda,2365,4,3,2,8,3,13962000
Muralinagar,1889,3,2,1,22,1,7679000
Rushikonda,923,2,2,1,20,2,5542000
Muralinagar,1281,2,2,2,10,1,5505000
Madhurawada,2378,4,3,3,1,2,12036000
Rushikonda,1305,3,2,2,18,2,7839000
Madhurawada,743,1,1,0,7,1,3143000
Rushikonda,986,2,1,1,6,2,5956000
Gajuwaka,4777,5,5,2,22,2,16964000
Madhurawada,1534,3,3,1,7,2,7090000
Siripuram,1145,2,2,1,16,3,9587000
Sujathanagar,1138,2,2,1,20,1,4016000
Rushikonda,1111,2,2,1,0,1,6795000
Madhurawada,1532,3,3,1,24,1,5317000
Sujathanagar,4469,5,5,2,13,2,16524000
Yendada,1135,2,2,0,19,2,5325000
MVP Colony,2007,3,3,2,10,2,14219000
Sujathanagar,939,2,2,1,12,1,3603000
Yendada,1194,2,2,1,12,2,6549000
Rushikonda,2043,3,3,2,11,2,11930000
Seethammadhara,1073,2,2,1,12,2,7168000
Gajuwaka,553,1,1,1,10,1,2351000
Yendada,1176,2,2,1,12,1,6035000
Madhurawada,1351,3,3,2,9,2,6743000
Sujathanagar,1966,3,3,1,9,2,8285000
Gajuwaka,1827,3,2,2,23,1,6638000
Seethammadhara,1198,2,2,0,11,1,7372000
Rushikonda,1025,2,2,2,17,3,6160000
Siripuram,1085,2,2,0,5,2,9201000
Gajuwaka,1194,2,2,1,21,2,4422000
MVP Colony,970,2,2,1,19,2,5813000
Madhurawada,622,1,1,1,13,2,2876000
Gajuwaka,1630,3,3,1,21,2,6095000
Muralinagar,1417,3,3,1,5,2,6987000
Rushikonda,3127,5,5,3,9,2,19718000
Muralinagar,1167,2,2,1,22,1,4876000
MVP Colony,1175,2,2,1,1,3,9372000
Muralinagar,1851,3,3,1,18,2,8716000
Seethammadhara,3783,5,4,3,15,3,23042000
Rushikonda,570,1,1,0,0,2,3599000
Gajuwaka,965,2,2,0,9,3,4120000
Seethammadhara,1296,2,2,1,12,3,8507000
Siripuram,1643,3,3,2,6,1,14115000
Gajuwaka,1658,3,3,1,6,2,7508000
Gajuwaka,865,2,2,2,20,1,3428000
Yendada,1596,3,3,2,6,3,9740000
Yendada,2874,4,4,2,5,3,15695000
Madhurawada,1926,3,2,2,10,1,8447000
Siripuram,1639,3,2,1,8,2,13168000
Rushikonda,1956,3,3,1,22,2,10202000
Seethammadhara,855,2,2,1,4,1,6039000
Sujathanagar,905,2,2,0,15,3,3776000
Yendada,656,1,1,0,23,2,3081000
Madhurawada,2557,4,3,2,4,1,11925000
Madhurawada,1683,3,2,2,18,3,6925000
Pendurthi,1005,2,2,2,7,2,4195000
Seethammadhara,1747,3,3,1,9,1,11080000
Yendada,1098,2,1,0,5,2,6078000
Madhurawada,1964,3,3,1,18,1,8487000
Yendada,1492,3,3,1,11,1,7943000
MVP Colony,888,2,2,1,0,3,7760000
Muralinagar,1115,2,2,1,2,2,5590000
Sujathanagar,1355,3,2,1,19,2,4682000
Madhurawada,954,2,1,1,1,2,4623000
Yendada,943,2,1,1,1,2,5467000
Sujathanagar,1448,3,3,1,21,2,5497000
Gajuwaka,1681,3,3,2,4,1,7599000
Seethammadhara,2016,3,2,1,15,1,12774000
Madhurawada,2586,4,4,2,4,2,11437000
Yendada,1686,3,2,2,13,2,8615000
Madhurawada,1265,2,2,1,18,2,4906000
Gajuwaka,1225,2,2,1,8,2,5593000
Sujathanagar,1940,3,3,1,3,1,8020000
Sujathanagar,995,2,2,1,8,1,3693000
Madhurawada,1538,3,2,1,0,3,7745000
MVP Colony,691,1,1,0,7,1,4753000
Pendurthi,2797,4,4,1,10,4,9563000
Muralinagar,1900,3,2,2,23,4,8005000
Seethammadhara,1050,2,2,1,9,4,7245000
Sujathanagar,3440,5,5,2,8,2,13966000
Muralinagar,1085,2,2,1,22,3,4624000
Madhurawada,1999,3,2,1,8,2,8838000
Yendada,1463,3,2,2,3,1,8546000
Rushikonda,1156,2,2,1,17,2,6776000
MVP Colony,1106,2,2,1,3,1,8551000
Rushikonda,2109,4,4,2,9,1,12556000
Muralinagar,850,2,2,1,22,1,3578000
MVP Colony,638,1,1,1,2,2,4750000
Rushikonda,1892,3,3,1,20,2,10232000
Rushikonda,1429,3,2,1,21,4,7790000
Madhurawada,1514,3,3,2,9,4,7619000
Sujathanagar,955,2,1,2,7,4,4452000
Rushikonda,902,2,2,2,4,1,6312000
Rushikonda,1125,2,2,1,17,1,5845000
Gajuwaka,1050,2,2,1,22,2,3867000
Madhurawada,1217,2,2,1,18,1,4931000
Siripuram,1180,2,2,2,10,2,9109000
Madhurawada,1171,2,2,0,12,2,5030000
Seethammadhara,934,2,2,1,8,2,6389000
Seethammadhara,1720,3,3,1,22,2,9387000
Madhurawada,1569,3,2,1,15,2,6621000
Madhurawada,869,2,2,1,21,1,3768000
Sujathanagar,1035,2,2,1,18,3,4296000
Rushikonda,1764,3,2,2,8,2,11172000
Yendada,1014,2,1,2,20,1,4900000
Yendada,2869,4,4,3,15,1,13951000
MVP Colony,1807,3,3,1,8,2,13194000
Yendada,2105,4,3,2,18,1,9924000
Seethammadhara,926,2,2,1,9,3,6662000
Pendurthi,1667,3,2,1,16,3,5247000
Seethammadhara,1295,2,2,0,1,1,9199000
Madhurawada,1358,3,3,2,10,2,6377000
MVP Colony,1135,2,2,1,22,3,7541000
Pendurthi,1083,2,2,0,23,3,3223000
Madhurawada,1006,2,2,1,21,1,3988000
Yendada,2092,3,3,2,22,3,10943000
MVP Colony,507,1,1,0,15,3,3391000
Gajuwaka,1609,3,3,1,8,2,7202000
Seethammadhara,1786,3,3,1,10,3,11501000
Sujathanagar,960,2,1,1,19,1,3557000
Seethammadhara,540,1,1,0,1,2,3781000
Seethammadhara,1701,3,3,2,7,2,11860000
MVP Colony,543,1,1,1,0,1,4286000
Madhurawada,989,2,2,2,15,2,4298000
Madhurawada,1567,3,3,1,8,1,6950000
MVP Colony,1988,3,3,1,7,3,14571000
Gajuwaka,996,2,2,1,17,3,4523000
Madhurawada,1194,2,2,1,11,2,4964000
Madhurawada,1922,3,3,1,1,1,9072000
Madhurawada,522,1,1,1,20,2,2352000
Madhurawada,1233,2,2,1,16,1,4948000
Madhurawada,1043,2,2,0,23,2,3720000
Seethammadhara,1115,2,1,0,19,3,6431000
Seethammadhara,1078,2,2,0,5,1,7098000
Muralinagar,2203,4,3,3,9,1,10565000
Pendurthi,1821,3,3,1,4,3,6414000
Rushikonda,1062,2,2,2,3,1,7086000
Siripuram,1734,3,3,1,15,1,12971000
Yendada,1212,2,2,2,7,2,6982000
Madhurawada,1612,3,2,2,8,1,6942000
MVP Colony,2788,4,4,1,24,2,15845000
Seethammadhara,1202,2,2,1,20,3,7507000
Gajuwaka,927,2,2,1,5,1,4332000
Yendada,941,2,2,1,20,3,4952000
MVP Colony,1197,2,2,2,10,3,9216000
Siripuram,875,2,2,1,17,1,6435000
Siripuram,1572,3,3,1,3,1,13566000
Yendada,1282,2,2,2,24,3,6484000
MVP Colony,1539,3,3,1,8,1,10004000
MVP Colony,1658,3,3,1,8,1,11417000
Gajuwaka,2034,3,3,1,6,2,8529000
Seethammadhara,1849,3,3,1,4,2,12380000
Yendada,2986,4,4,3,12,1,16033000
Siripuram,3072,5,5,2,23,2,21354000
MVP Colony,592,1,1,1,9,2,4253000
Siripuram,2081,3,3,1,23,3,13474000
Gajuwaka,599,1,1,0,4,1,2508000
Muralinagar,1225,2,2,1,10,1,5778000
Muralinagar,3097,4,3,1,23,1,11966000
Rushikonda,919,2,2,1,21,3,5572000
Yendada,674,1,1,0,19,2,3046000
Seethammadhara,2225,4,3,1,9,3,14036000
Siripuram,909,2,2,2,0,2,8102000
Sujathanagar,1732,3,3,2,23,3,6499000
MVP Colony,1900,3,2,1,9,4,13384000
MVP Colony,851,2,2,1,13,1,5454000
Seethammadhara,2843,4,3,1,10,1,18060000
MVP Colony,1096,2,1,1,21,2,6888000
Seethammadhara,937,2,2,1,16,2,5612000
Yendada,1513,3,2,2,11,2,8074000
Madhurawada,1086,2,1,0,20,1,4081000
Sujathanagar,2382,4,4,1,2,2,10983000
Muralinagar,892,2,2,1,13,1,4616000
Rushikonda,1077,2,2,0,21,2,5600000
Siripuram,1005,2,2,1,4,1,8347000
Rushikonda,1758,3,2,2,1,2,11815000
Yendada,975,2,2,0,6,1,4913000
Siripuram,1865,3,2,2,22,2,12968000
Yendada,1842,3,2,2,0,1,10578000
Madhurawada,896,2,2,1,15,1,3840000
Madhurawada,2133,4,4,2,16,2,8413000
Madhurawada,908,2,2,2,22,1,3992000
Siripuram,1160,2,2,1,18,2,8071000
Pendurthi,1149,2,1,1,14,2,3955000
Gajuwaka,1286,2,1,1,14,1,5153000
Seethammadhara,2085,3,2,1,11,3,12756000
Muralinagar,1766,3,2,1,3,2,8984000
Madhurawada,1751,3,3,1,20,3,7289000
Sujathanagar,1143,2,2,1,14,1,4379000
Gajuwaka,543,1,1,0,12,3,2457000
Madhurawada,1606,3,3,1,4,1,7450000
MVP Colony,1054,2,2,0,8,3,7815000
Siripuram,1219,2,1,1,18,2,9648000
Madhurawada,918,2,2,1,6,1,4104000
Yendada,1038,2,1,1,23,2,5085000
Siripuram,2131,4,4,1,4,3,18405000
Seethammadhara,1234,2,2,1,0,4,9741000
Muralinagar,861,2,2,1,18,2,3987000
Pendurthi,1827,3,3,1,2,2,7140000
Madhurawada,961,2,1,0,14,1,3707000
Seethammadhara,1297,2,2,1,19,3,7749000
Siripuram,2274,4,4,3,9,4,19929000
MVP Colony,938,2,2,1,2,1,7002000
Sujathanagar,2034,3,2,2,12,1,8678000
MVP Colony,1771,3,2,1,6,2,13074000
Madhurawada,2165,4,4,1,19,2,8732000
Siripuram,859,2,2,1,3,2,7778000
Madhurawada,1795,3,3,2,8,1,8259000
Yendada,1307,3,2,2,0,1,7944000
Muralinagar,2085,3,3,2,21,1,8579000
Seethammadhara,524,1,1,1,22,2,3242000
MVP Colony,3169,4,4,3,15,3,19969000
Seethammadhara,2046,3,2,2,5,2,14114000
Sujathanagar,728,1,1,1,24,1,2442000
Muralinagar,1567,3,2,2,24,2,6263000
Yendada,878,2,2,1,16,2,4538000
Yendada,2834,4,3,2,12,1,15114000
Yendada,3552,5,4,2,21,2,16778000
Seethammadhara,1911,3,3,2,23,1,10965000
Sujathanagar,2004,3,3,2,12,2,8273000
Madhurawada,1103,2,1,1,4,1,5254000
Rushikonda,712,1,1,1,15,2,3987000
Madhurawada,1587,3,3,2,10,4,7893000
MVP Colony,1560,3,2,1,2,1,11403000
Seethammadhara,1314,3,3,1,6,1,9061000
Gajuwaka,1712,3,2,2,18,3,6542000
MVP Colony,2046,3,3,2,3,1,14717000
Yendada,586,1,1,0,3,3,3527000
Siripuram,903,2,2,1,8,1,7079000
Rushikonda,961,2,1,0,5,3,5875000
Siripuram,1182,2,1,1,0,1,10461000
Rushikonda,897,2,2,1,18,2,5172000
Gajuwaka,1755,3,3,1,5,2,8223000
Siripuram,1323,3,3,1,23,4,9784000
Madhurawada,1299,2,1,1,1,3,6358000
Madhurawada,1554,3,3,1,13,1,6327000
Yendada,3093,4,4,1,15,1,16176000
Sujathanagar,1828,3,3,2,18,1,6538000
Gajuwaka,1737,3,3,1,15,3,7258000
Seethammadhara,1974,3,3,2,5,1,13085000
MVP Colony,2827,4,3,1,22,1,17605000
Siripuram,1109,2,2,2,8,1,10147000
Yendada,2982,4,3,1,23,2,12878000
MVP Colony,1008,2,2,1,11,3,7526000
Madhurawada,1080,2,1,0,0,2,5268000
Yendada,1744,3,2,1,17,2,7974000
Rushikonda,1211,2,2,1,11,4,7801000
Gajuwaka,1009,2,1,1,21,3,3629000
MVP Colony,850,2,1,2,16,2,5483000
MVP Colony,1854,3,3,2,18,3,11871000
Gajuwaka,544,1,1,0,9,2,2204000
Madhurawada,2005,3,3,1,7,1,9255000
Yendada,1227,2,2,0,23,2,5466000
Madhurawada,984,2,2,1,6,4,4828000
Siripuram,2974,4,4,2,19,1,20490000
Muralinagar,1773,3,3,2,12,3,7954000
Gajuwaka,956,2,2,1,15,3,4047000
Yendada,1846,3,3,2,8,2,10199000
Siripuram,1012,2,2,1,22,3,7302000
Yendada,1185,2,2,1,14,3,6327000
Rushikonda,1438,3,3,1,0,2,9470000
MVP Colony,1198,2,2,1,11,4,9114000
Sujathanagar,618,1,1,1,3,2,2854000
Seethammadhara,991,2,2,1,23,1,5452000
Pendurthi,868,2,2,1,5,3,3611000
Madhurawada,1732,3,2,2,12,2,7482000
Seethammadhara,1610,3,3,1,18,1,9355000
Madhurawada,2254,4,4,3,6,1,10705000
Muralinagar,698,1,1,0,23,1,2911000
Gajuwaka,720,1,1,1,18,3,2952000
Muralinagar,4138,5,4,2,10,3,18368000
Yendada,576,1,1,1,4,1,3062000
Yendada,1307,3,3,1,12,3,7581000
Muralinagar,1852,3,3,2,10,1,8683000
Siripuram,1236,2,1,1,24,2,8267000
Madhurawada,1122,2,2,1,23,1,4482000
Siripuram,1813,3,3,1,24,2,12442000
Pendurthi,1427,3,3,1,21,2,4798000
Pendurthi,2713,4,3,2,9,2,9384000
MVP Colony,1360,3,3,2,10,2,9197000
Gajuwaka,1789,3,3,2,20,1,6955000
Sujathanagar,861,2,1,1,17,3,3373000
Seethammadhara,882,2,1,1,2,2,6185000
Madhurawada,906,2,2,1,12,3,4587000
Sujathanagar,985,2,1,1,6,2,4132000
MVP Colony,994,2,1,1,10,2,6809000
Yendada,1936,3,3,1,1,2,11557000
Siripuram,2528,4,4,2,8,2,20955000
Sujathanagar,1396,3,3,2,15,3,5742000
Pendurthi,1561,3,2,1,2,1,5980000
Pendurthi,1103,2,1,1,11,2,3670000
Madhurawada,1544,3,3,1,21,4,6584000
Muralinagar,1577,3,3,2,8,1,7747000
Muralinagar,1222,2,2,2,3,1,5986000
Rushikonda,672,1,1,0,24,3,3653000
Muralinagar,1816,3,3,2,21,1,7453000
MVP Colony,1114,2,2,1,15,1,7539000
Yendada,962,2,2,0,23,3,4825000
Siripuram,1036,2,2,1,7,3,9048000
Seethammadhara,1333,3,3,1,15,2,8217000
MVP Colony,1772,3,3,1,14,1,12289000
Yendada,1252,2,2,1,5,4,7806000
Rushikonda,1190,2,1,1,24,1,5820000
Gajuwaka,3631,5,4,3,9,1,14337000
MVP Colony,1155,2,2,1,16,2,7734000
Rushikonda,1379,3,2,1,2,4,9844000
Madhurawada,1051,2,2,1,0,1,4926000
Gajuwaka,1161,2,2,1,11,2,4795000
Rushikonda,1411,3,3,2,20,2,7851000
Yendada,884,2,2,0,24,2,4095000
Sujathanagar,935,2,2,0,23,2,3255000
Yendada,1137,2,2,2,3,1,7041000
Siripuram,741,1,1,1,23,2,5743000
MVP Colony,1142,2,2,2,19,3,7481000
Muralinagar,2033,3,2,1,0,4,10506000
MVP Colony,975,2,1,1,15,1,6083000
Muralinagar,923,2,2,1,15,3,4265000
Madhurawada,2867,4,4,2,16,2,11926000
Sujathanagar,672,1,1,0,6,3,2987000
Gajuwaka,2015,3,3,2,11,2,7866000
Pendurthi,2675,4,3,1,11,3,9223000
Rushikonda,1150,2,2,1,21,1,6115000
Gajuwaka,543,1,1,1,18,1,2144000
Madhurawada,931,2,2,1,2,2,4156000
Madhurawada,1160,2,1,0,19,1,4158000
Yendada,943,2,1,1,23,3,4717000
Muralinagar,2573,4,3,2,20,2,10798000
Pendurthi,2458,4,3,2,10,1,9003000
Gajuwaka,1096,2,1,1,15,3,4503000
Madhurawada,1697,3,3,2,9,2,7703000
Madhurawada,1175,2,2,1,5,2,5900000
Gajuwaka,1647,3,3,1,18,1,6431000
Siripuram,1135,2,2,1,17,2,8463000
MVP Colony,1371,3,3,1,23,2,8156000
Rushikonda,2033,3,3,2,12,2,12163000
Siripuram,868,2,2,0,15,2,6432000
Siripuram,1520,3,3,2,20,1,11279000
Siripuram,1006,2,1,0,20,1,7061000
MVP Colony,686,1,1,0,18,4,4726000
MVP Colony,3031,4,4,2,2,2,23139000
Pendurthi,1101,2,1,0,3,1,3746000
Madhurawada,1236,2,2,1,19,2,4713000
Rushikonda,1094,2,1,1,9,1,6624000
Yendada,1953,3,2,1,14,1,10415000
Seethammadhara,1866,3,3,2,14,2,12116000
Pendurthi,1064,2,2,1,21,3,3595000
Gajuwaka,4501,5,4,2,14,1,16965000
MVP Colony,1081,2,2,1,21,2,6291000
Madhurawada,1602,3,3,1,8,2,7292000
Muralinagar,1049,2,2,1,11,1,4865000
Pendurthi,1723,3,3,2,0,4,7315000
Madhurawada,1108,2,2,1,21,3,4662000
Yendada,1934,3,3,1,20,2,9225000
Seethammadhara,1338,3,3,1,24,2,7966000
Pendurthi,864,2,2,1,22,1,2854000
Siripuram,700,1,1,0,20,2,4546000
Pendurthi,1954,3,2,1,8,2,6772000
Yendada,902,2,2,1,23,3,4453000
Yendada,937,2,2,1,5,3,5717000
Madhurawada,1089,2,2,0,16,2,4520000
Siripuram,864,2,2,1,22,3,6686000
Seethammadhara,1946,3,2,1,4,2,13463000
Siripuram,1185,2,2,0,1,1,10581000
Seethammadhara,1005,2,2,1,8,1,6344000
Gajuwaka,644,1,1,0,22,3,2476000
Rushikonda,1261,2,1,1,12,2,7775000
MVP Colony,1464,3,2,1,0,2,11823000
Pendurthi,2327,4,4,2,14,1,7672000
Sujathanagar,1629,3,3,1,20,2,6100000
Sujathanagar,989,2,2,1,13,1,3844000
Pendurthi,4130,5,5,3,17,1,12475000
Seethammadhara,2230,4,4,2,9,1,15147000
Rushikonda,627,1,1,1,2,3,4381000
Gajuwaka,1410,3,3,1,4,2,6710000
Yendada,1397,3,3,2,0,2,8390000
Seethammadhara,957,2,2,0,24,2,5212000
Muralinagar,1773,3,2,2,2,4,9461000
Siripuram,525,1,1,0,3,2,4523000
Siripuram,554,1,1,0,9,2,4437000
Madhurawada,2332,4,4,3,16,1,9506000
Yendada,1559,3,3,1,6,1,9217000
Yendada,1005,2,2,1,2,1,5594000
MVP Colony,2738,4,4,2,21,1,16160000
Muralinagar,1902,3,3,2,10,2,8826000
Siripuram,1359,3,3,2,2,3,12468000
Seethammadhara,1464,3,3,2,23,3,9191000
Sujathanagar,1074,2,2,1,18,2,3963000
Pendurthi,862,2,1,1,7,2,3076000
Muralinagar,920,2,2,1,10,1,4650000
Muralinagar,1103,2,1,1,11,2,5476000
Yendada,1174,2,1,0,1,2,6735000
Madhurawada,1353,3,3,1,23,2,5219000
MVP Colony,1272,2,1,1,24,1,7168000
Madhurawada,584,1,1,0,16,3,2573000
Rushikonda,1870,3,3,1,22,2,9534000
Siripuram,1119,2,2,0,19,1,7883000
Gajuwaka,878,2,2,1,20,1,3316000
Madhurawada,865,2,1,0,19,1,3218000
MVP Colony,711,1,1,0,0,1,5110000
Siripuram,952,2,2,1,23,1,7139000
Yendada,1274,2,1,0,12,2,6030000
MVP Colony,1216,2,2,1,2,1,9272000
Muralinagar,1369,3,2,1,21,1,5220000
Madhurawada,1515,3,2,1,11,2,6287000
Madhurawada,517,1,1,1,6,1,2528000
Yendada,1468,3,3,2,24,1,6732000
Muralinagar,854,2,2,1,24,2,3651000
Rushikonda,1956,3,3,1,13,4,11284000
Yendada,1296,2,2,1,6,1,7225000
Madhurawada,1825,3,3,1,22,2,7280000
Siripuram,1986,3,2,2,10,1,15209000
Muralinagar,962,2,2,2,0,1,4926000
Gajuwaka,1675,3,3,2,14,2,6841000
Yendada,905,2,2,0,8,2,4660000
Muralinagar,660,1,1,0,22,1,2495000
Muralinagar,677,1,1,1,13,2,3125000
Gajuwaka,1852,3,2,1,22,3,6739000
Muralinagar,944,2,1,2,11,2,4771000
Yendada,2051,3,3,2,24,3,9827000
Yendada,1945,3,3,1,10,2,9878000
Yendada,1075,2,1,1,17,2,5034000
Gajuwaka,1037,2,1,1,22,1,3556000
Seethammadhara,2132,4,4,1,19,1,11941000
Sujathanagar,1465,3,3,1,9,2,5915000
Muralinagar,1192,2,2,0,8,2,5621000
MVP Colony,999,2,1,0,14,1,6638000
Muralinagar,519,1,1,0,11,1,2323000
Seethammadhara,1212,2,2,1,9,2,8513000
Rushikonda,623,1,1,1,18,4,3952000
Gajuwaka,1028,2,2,1,15,1,4256000
Seethammadhara,2620,4,4,1,4,1,18351000
Muralinagar,1881,3,3,1,19,1,7548000
Muralinagar,1010,2,2,1,24,2,4330000
Madhurawada,1782,3,3,1,18,1,7511000
MVP Colony,1341,3,3,1,23,1,8468000
Siripuram,1114,2,1,1,17,1,7920000
Yendada,1695,3,2,1,7,2,8580000
Pendurthi,1325,3,3,1,1,3,5081000
Yendada,1212,2,1,1,22,1,5662000
Siripuram,1345,3,2,2,20,3,10110000
Yendada,1891,3,3,1,1,1,10709000
Madhurawada,1508,3,3,1,21,2,6195000
Gajuwaka,1589,3,3,2,0,1,7299000
MVP Colony,1042,2,2,1,24,2,5790000
Gajuwaka,4375,5,4,2,17,1,16928000
Madhurawada,965,2,2,0,22,2,3763000
Pendurthi,1881,3,3,1,9,1,6650000
Rushikonda,1625,3,2,2,22,2,8652000
Yendada,1923,3,3,1,11,4,10423000
Sujathanagar,1459,3,3,2,9,2,6455000
MVP Colony,1866,3,3,1,4,2,12979000
Sujathanagar,1982,3,3,1,17,4,7837000
Yendada,1880,3,2,1,5,2,9936000
MVP Colony,1171,2,2,0,1,1,7885000
Rushikonda,1472,3,3,2,14,2,8416000
Gajuwaka,2401,4,4,2,16,4,10494000
MVP Colony,1764,3,3,1,12,1,12090000
Yendada,734,1,1,1,19,1,3491000
Rushikonda,1156,2,2,0,2,2,7059000
Yendada,1333,3,3,2,12,1,7136000
MVP Colony,3112,4,4,2,19,3,18449000
Muralinagar,1617,3,3,2,0,2,8649000
Pendurthi,2803,4,4,2,2,2,10869000
Pendurthi,2738,4,4,3,8,3,9911000
Gajuwaka,678,1,1,0,15,1,2306000
Seethammadhara,1727,3,2,1,0,1,11965000
Gajuwaka,1958,3,3,1,11,1,7608000
MVP Colony,715,1,1,0,5,2,5235000
MVP Colony,1004,2,2,1,12,3,6775000
Rushikonda,1008,2,2,1,20,2,5585000
Madhurawada,1935,3,3,2,14,3,8329000
Gajuwaka,3359,5,4,2,14,2,13913000
Yendada,969,2,2,0,10,2,5104000
Madhurawada,921,2,2,1,22,1,3655000
Siripuram,1431,3,2,1,14,4,11441000
Pendurthi,1617,3,2,2,3,2,6531000
Madhurawada,1867,3,3,1,12,4,9244000
Madhurawada,1290,2,2,0,2,4,6070000
Seethammadhara,885,2,2,1,7,1,6116000
Gajuwaka,1577,3,2,1,4,1,6564000
Yendada,1479,3,3,1,16,4,7442000
Siripuram,1571,3,3,1,21,4,11320000
MVP Colony,1562,3,2,2,14,2,10387000
Yendada,1484,3,3,2,20,2,7901000
Yendada,1726,3,3,1,24,2,7522000
Siripuram,1428,3,3,1,18,1,10304000
Pendurthi,1232,2,2,1,20,3,4082000
Seethammadhara,2022,3,3,2,23,1,11635000
Madhurawada,1365,3,3,2,15,2,6100000
Pendurthi,1409,3,3,1,16,1,4925000
Madhurawada,4702,5,4,2,19,3,18960000
Yendada,1062,2,2,2,22,1,5398000
Rushikonda,1658,3,2,1,16,1,8240000
Siripuram,1108,2,2,1,9,1,9215000
Pendurthi,1218,2,2,0,5,1,4144000
Madhurawada,634,1,1,0,12,2,2718000
Sujathanagar,1207,2,2,0,23,2,3777000
Siripuram,2315,4,3,3,19,3,18480000
Seethammadhara,1726,3,3,1,16,1,11192000
MVP Colony,1287,2,2,0,1,2,9735000
Yendada,625,1,1,0,14,2,3025000
Rushikonda,1226,2,2,1,21,2,6660000
Muralinagar,1102,2,2,1,20,1,4523000
Madhurawada,1195,2,2,2,18,2,5587000
Pendurthi,1086,2,2,1,7,1,3828000
Seethammadhara,1688,3,3,2,8,2,11082000
Muralinagar,1451,3,2,1,15,3,6662000
Gajuwaka,568,1,1,0,4,2,2248000
Gajuwaka,956,2,2,1,4,1,4334000
Muralinagar,927,2,2,1,4,1,4658000
Gajuwaka,3071,4,3,2,16,1,12004000
Yendada,1295,2,2,1,14,4,6662000
Seethammadhara,1352,3,3,1,11,1,9079000
MVP Colony,1220,2,2,1,8,1,8358000
Sujathanagar,1463,3,3,1,11,1,5688000
Yendada,955,2,2,0,0,4,5794000
Gajuwaka,2097,3,3,1,0,1,10015000
Madhurawada,1890,3,3,1,11,2,8282000
MVP Colony,1085,2,1,1,3,2,7904000
Seethammadhara,1107,2,1,1,21,1,6609000
Yendada,1508,3,2,1,20,2,7177000
Madhurawada,526,1,1,0,21,3,2111000
Seethammadhara,1877,3,2,2,16,2,12297000
Madhurawada,910,2,2,1,3,2,4538000
MVP Colony,857,2,2,1,22,1,5329000
Yendada,1850,3,3,1,18,2,9150000
Siripuram,1715,3,3,1,21,1,12452000
Gajuwaka,894,2,2,0,2,3,4303000
Rushikonda,1477,3,3,1,7,1,8924000
Madhurawada,1334,3,3,1,20,2,5263000
MVP Colony,1375,3,2,1,20,3,8991000
MVP Colony,3044,4,4,3,2,1,22388000
Rushikonda,1055,2,1,1,0,2,6906000
Madhurawada,1632,3,3,1,3,2,8258000
Yendada,2413,4,4,2,22,2,10392000
Siripuram,1234,2,2,2,13,2,9562000
Yendada,1183,2,2,1,7,2,6549000
Muralinagar,1240,2,1,1,10,3,5750000
Gajuwaka,1763,3,2,1,9,2,7201000
MVP Colony,1939,3,2,1,4,1,13553000
Madhurawada,1626,3,2,2,13,1,7435000
MVP Colony,1046,2,2,1,24,2,6361000
Siripuram,1205,2,1,1,11,1,9359000
Pendurthi,1982,3,2,1,7,2,7348000
Seethammadhara,1072,2,2,1,9,1,7365000
Madhurawada,2331,4,3,1,2,3,11751000
Yendada,1503,3,2,1,16,1,7616000
Gajuwaka,989,2,2,1,10,1,4139000
Madhurawada,1433,3,3,1,7,3,6561000
MVP Colony,996,2,2,1,13,4,6991000
Rushikonda,1228,2,1,2,8,2,7718000
Madhurawada,1719,3,3,1,0,1,8460000
MVP Colony,1150,2,2,0,8,2,8202000
Rushikonda,1362,3,2,1,8,1,8222000
MVP Colony,1066,2,2,1,22,1,6393000
MVP Colony,991,2,1,0,9,3,6900000
Rushikonda,1964,3,3,1,3,2,12844000
Seethammadhara,1252,2,2,1,11,2,8303000
Madhurawada,1235,2,2,1,0,2,6209000
Yendada,1169,2,2,1,13,1,5885000
Muralinagar,1375,3,3,2,8,2,7009000
Seethammadhara,1965,3,2,1,14,4,13774000
Seethammadhara,3153,4,4,2,5,2,22245000
MVP Colony,1773,3,3,1,13,1,10756000
Yendada,640,1,1,0,17,2,2981000
Gajuwaka,1064,2,1,1,0,2,4957000
MVP Colony,1403,3,3,1,4,1,9858000
Sujathanagar,1272,2,1,1,11,1,5083000
MVP Colony,1583,3,3,2,12,2,11398000
Madhurawada,663,1,1,0,13,1,2688000
Gajuwaka,1484,3,3,2,24,1,5607000
Muralinagar,1007,2,2,2,21,4,4808000
Gajuwaka,864,2,2,1,20,1,3572000
Muralinagar,865,2,2,2,8,3,4831000
Rushikonda,1010,2,1,1,22,4,5948000
Muralinagar,1379,3,3,2,16,1,6170000
MVP Colony,523,1,1,1,23,1,3049000
Sujathanagar,2385,4,4,3,18,2,8999000
Madhurawada,941,2,2,1,9,3,4352000
Muralinagar,1945,3,3,1,20,2,8443000
Madhurawada,1166,2,2,1,9,4,5360000
Yendada,2056,3,3,1,18,2,9942000
Madhurawada,1647,3,3,2,21,2,6434000
Gajuwaka,673,1,1,0,2,1,2663000
MVP Colony,878,2,2,1,13,3,6194000
MVP Colony,1032,2,2,0,15,2,6841000
Siripuram,1008,2,2,2,18,3,8144000
Seethammadhara,1755,3,3,1,10,2,11607000
Muralinagar,1544,3,2,1,7,4,7745000
Seethammadhara,643,1,1,1,22,2,3856000
Pendurthi,1090,2,2,1,0,4,4601000
Rushikonda,2048,3,2,2,11,1,11513000
Seethammadhara,1200,2,2,1,7,2,8179000
Gajuwaka,3100,4,4,3,4,2,13695000
Yendada,1227,2,2,1,1,3,7926000
Madhurawada,1155,2,1,0,12,1,4688000
Madhurawada,3043,4,4,3,18,4,12426000
Gajuwaka,1973,3,3,1,0,3,9002000
Siripuram,559,1,1,1,14,3,4634000
Pendurthi,1575,3,3,1,7,1,5614000
Pendurthi,1213,2,2,1,0,2,4623000
Yendada,1059,2,2,1,12,2,5443000
Seethammadhara,997,2,1,1,8,2,6526000
Yendada,1521,3,3,1,13,1,8502000
MVP Colony,2067,3,3,1,7,1,13902000
MVP Colony,1033,2,2,1,3,2,8378000
Siripuram,1383,3,3,1,6,1,11955000
Madhurawada,1198,2,1,1,17,2,4919000
Muralinagar,2007,3,3,1,20,1,7823000
Gajuwaka,1250,2,1,1,6,3,5446000
Gajuwaka,1127,2,2,0,19,2,4348000
Madhurawada,1105,2,1,1,5,2,5128000
Rushikonda,2689,4,4,2,5,2,16694000
Rushikonda,984,2,2,1,2,3,7241000
Pendurthi,2094,4,4,1,20,1,6758000
MVP Colony,964,2,2,1,7,1,7066000
Muralinagar,1093,2,1,1,6,2,5545000
Madhurawada,1602,3,2,1,12,4,6250000
Madhurawada,1424,3,3,1,17,1,5619000
Gajuwaka,2775,4,3,2,8,2,11300000
Madhurawada,1407,3,3,1,7,3,7111000
Muralinagar,1382,3,3,1,24,1,5557000
Sujathanagar,1406,3,3,1,8,1,5824000
Madhurawada,555,1,1,1,13,3,2728000
Siripuram,1205,2,2,1,12,4,8995000
Yendada,1295,2,2,1,18,4,6548000
Sujathanagar,1004,2,1,1,16,3,3807000
Seethammadhara,1184,2,2,1,24,1,6092000
Yendada,1174,2,1,2,13,1,6086000
Yendada,1117,2,2,1,22,3,5515000
Gajuwaka,1255,2,2,1,10,3,5653000
Seethammadhara,2350,4,4,2,11,1,14598000
Gajuwaka,2560,4,3,3,23,2,9730000
Sujathanagar,903,2,2,1,15,1,3310000
Seethammadhara,1208,2,1,1,24,2,6883000
Siripuram,1707,3,3,1,11,3,14217000
Pendurthi,983,2,2,1,5,2,3804000
Seethammadhara,1796,3,3,1,7,2,12308000
Muralinagar,1367,3,2,1,13,3,6245000
Madhurawada,2093,3,3,1,6,3,9670000
Siripuram,2487,4,3,2,9,3,21471000
Muralinagar,1391,3,3,1,14,1,5847000
Madhurawada,1398,3,2,1,18,3,6044000
Madhurawada,1082,2,2,0,15,1,4479000
Rushikonda,3699,5,5,2,6,2,23380000
Yendada,573,1,1,0,24,2,2829000
Seethammadhara,1523,3,2,2,24,1,8443000
Rushikonda,1765,3,2,2,6,3,10958000
Pendurthi,1093,2,2,0,12,2,3657000
Siripuram,1658,3,3,1,20,3,11867000
Yendada,1799,3,3,2,3,3,10513000
Rushikonda,2422,4,4,1,15,4,15207000
Gajuwaka,1561,3,3,1,6,2,6761000
Seethammadhara,4169,5,5,2,6,3,30344000
Pendurthi,1793,3,2,1,8,1,5865000
Madhurawada,571,1,1,1,21,2,2202000
Siripuram,2743,4,3,2,1,2,25044000
MVP Colony,1809,3,3,1,16,1,11747000
Seethammadhara,1731,3,3,1,18,1,9953000
Madhurawada,1485,3,3,2,12,1,6579000
Rushikonda,1218,2,1,0,14,2,6690000
Muralinagar,1745,3,2,1,24,2,7459000
Madhurawada,572,1,1,0,8,3,2659000
Siripuram,1130,2,2,1,8,3,9663000
Yendada,918,2,2,1,12,2,5389000
Gajuwaka,2084,4,4,2,2,2,9762000
Seethammadhara,1329,3,2,2,5,3,8954000
Seethammadhara,1320,3,3,1,24,2,7313000
MVP Colony,1951,3,3,2,19,1,12816000
Gajuwaka,2057,3,2,1,13,2,7697000
Yendada,1518,3,3,1,22,1,6967000
Madhurawada,4171,5,4,2,5,2,19529000
Muralinagar,4011,5,5,2,21,2,17238000
Muralinagar,985,2,1,1,10,4,5099000
Yendada,3071,4,3,1,11,4,17815000
Muralinagar,1764,3,3,1,14,1,7412000
Seethammadhara,1478,3,3,1,8,3,10292000
MVP Colony,1557,3,2,1,9,1,11423000
Siripuram,1632,3,3,2,10,2,13662000
MVP Colony,2942,4,4,1,4,2,21655000
Madhurawada,1484,3,3,2,17,1,5940000
Sujathanagar,1507,3,2,1,16,3,5570000
MVP Colony,1875,3,3,1,14,2,12093000
Seethammadhara,1197,2,2,2,8,3,8039000
Madhurawada,1155,2,2,1,15,2,5173000
Sujathanagar,1194,2,2,1,1,2,5039000
Rushikonda,1098,2,2,1,19,1,5536000
Madhurawada,1645,3,3,2,13,2,7442000
MVP Colony,1882,3,2,1,8,2,12216000
Seethammadhara,1380,3,2,1,6,2,9300000
Pendurthi,1599,3,2,1,24,1,4502000
Pendurthi,2341,4,3,1,12,3,7942000
MVP Colony,1165,2,1,2,13,3,8109000
Pendurthi,996,2,2,1,16,1,3288000
Yendada,1788,3,3,2,23,1,8088000
Muralinagar,531,1,1,1,0,1,2729000
Madhurawada,4033,5,5,2,7,2,18121000
Madhurawada,597,1,1,1,10,3,3043000
Madhurawada,2080,3,3,1,18,2,8934000
Yendada,595,1,1,0,7,2,3041000
Seethammadhara,2358,4,3,2,21,2,14391000
MVP Colony,1250,2,2,0,13,2,7907000
Rushikonda,673,1,1,0,20,4,3729000
Gajuwaka,930,2,2,1,1,2,4566000
Seethammadhara,1223,2,2,0,2,1,8543000
Yendada,944,2,2,1,8,2,5469000
Pendurthi,1805,3,2,1,20,3,5130000
MVP Colony,1017,2,1,0,0,2,7617000
Yendada,1165,2,2,0,20,3,5449000
Madhurawada,1493,3,3,1,24,1,5325000
Muralinagar,1738,3,3,2,12,2,8566000
Seethammadhara,1156,2,2,0,15,2,7406000
Yendada,1468,3,3,2,20,4,7688000
Muralinagar,1564,3,3,2,20,3,7211000
Pendurthi,603,1,1,0,16,1,1874000
Yendada,2388,4,3,2,10,1,12731000
Madhurawada,1335,3,3,1,1,2,6707000
Yendada,1059,2,1,1,13,3,5510000
Muralinagar,867,2,2,1,11,2,4097000
Madhurawada,1782,3,2,2,18,2,7635000
MVP Colony,1593,3,3,1,11,3,10547000
Sujathanagar,1805,3,3,1,18,2,6791000
Yendada,1332,3,3,1,17,1,6660000
Yendada,1479,3,3,1,4,1,7658000
Seethammadhara,1416,3,3,1,10,2,9142000
Yendada,964,2,1,0,6,1,5199000
Rushikonda,2082,3,3,1,17,1,10179000
Yendada,872,2,2,1,18,1,4230000
MVP Colony,694,1,1,0,6,1,4928000
Yendada,1856,3,3,2,10,4,10568000
Pendurthi,2010,4,3,3,14,4,7102000
MVP Colony,1511,3,2,2,0,2,11305000
Pendurthi,1527,3,3,1,4,2,5982000
Madhurawada,1035,2,2,0,9,1,4338000
Muralinagar,1276,2,1,1,23,3,5267000
Gajuwaka,1719,3,3,1,11,2,7315000
Madhurawada,1145,2,2,0,24,1,3981000
Gajuwaka,2074,3,3,2,14,2,8598000
Muralinagar,2210,4,4,2,18,1,9945000
Madhurawada,1452,3,2,1,21,4,6116000
Rushikonda,1115,2,2,1,9,1,6548000
Yendada,1352,3,3,1,24,1,6266000
Muralinagar,1983,3,2,1,12,2,9260000
Gajuwaka,2047,3,3,1,19,1,7117000
Gajuwaka,954,2,2,1,11,2,4007000
Madhurawada,1984,3,2,2,17,1,8248000
Muralinagar,1681,3,3,2,4,2,8564000
Seethammadhara,974,2,2,0,17,1,5606000
Madhurawada,1207,2,1,1,20,3,4865000
MVP Colony,1253,2,1,1,6,1,8725000
Rushikonda,1718,3,3,1,8,2,9977000
Rushikonda,1830,3,3,1,12,2,9629000
Rushikonda,1441,3,3,1,18,4,8298000
Yendada,567,1,1,0,19,1,2588000
Rushikonda,880,2,2,0,2,2,5028000
Madhurawada,2962,4,4,2,12,3,13818000
Siripuram,1249,2,2,1,3,4,11859000
Rushikonda,606,1,1,1,5,2,3792000
Siripuram,2589,4,4,2,23,2,17577000
MVP Colony,939,2,2,2,5,4,6922000
Yendada,977,2,1,1,16,2,5147000
Yendada,1448,3,2,2,14,2,7543000
Yendada,1506,3,2,2,17,2,7334000
Madhurawada,1021,2,1,1,5,2,4954000
Rushikonda,712,1,1,0,14,1,3933000
Muralinagar,3033,4,4,2,10,4,14968000
